Date,Time,Location,Type,Status
2025-12-23,20:07:58,Room 201,Normal,Pending
2025-12-23,20:07:59,Room 201,Normal,Pending
2025-12-23,20:08:00,Room 201,Normal,Pending
2025-12-23,20:08:01,Room 201,Normal,Pending
2025-12-28,22:25:46,Room 201,Smoke Triggered,Pending
2025-12-28,22:25:52,Room 201,Smoke Triggered,Pending
2025-12-28,22:25:57,Room 201,Smoke Triggered,Pending
2025-12-28,22:26:03,Room 201,Smoke Triggered,Pending
2025-12-28,22:26:08,Room 201,Smoke Triggered,Pending
2025-12-28,22:26:13,Room 201,Smoke Triggered,Pending
2025-12-28,22:26:18,Room 201,Smoke Triggered,Pending
2025-12-28,22:26:23,Room 201,Smoke Triggered,Pending
2025-12-28,22:26:28,Room 201,Smoke Triggered,Pending
2025-12-28,22:26:33,Room 201,Smoke Triggered,Pending
2025-12-28,22:26:38,Room 201,Smoke Triggered,Pending
2025-12-28,22:26:44,Room 201,Smoke Triggered,Pending
2025-12-28,22:26:49,Room 201,Smoke Triggered,Pending
2025-12-28,22:26:54,Room 201,Smoke Triggered,Pending
2025-12-28,22:26:59,Room 201,Smoke Triggered,Pending
2025-12-28,22:27:04,Room 201,Smoke Triggered,Pending
2025-12-28,22:27:09,Room 201,Smoke Triggered,Pending
2025-12-28,22:33:38,Room 201,Smoke Triggered,Pending
2025-12-28,22:34:08,Room 201,Smoke Triggered,Pending
2025-12-28,22:45:56,Room 201,Smoke Triggered,Pending
2025-12-28,22:46:27,Room 201,Smoke Triggered,Pending
2025-12-28,22:46:57,Room 201,Smoke Triggered,Pending
2025-12-28,22:47:28,Room 201,Smoke Triggered,Pending
2026-05-31,21:11:53,Room 201,Smoke Triggered,Pending
2026-05-31,21:12:00,Room 201,Smoke Triggered,Pending
2026-05-31,21:12:05,Room 201,Smoke Triggered,Pending
2026-05-31,21:12:11,Room 201,Smoke Triggered,Pending
2026-05-31,21:12:16,Room 201,Smoke Triggered,Pending
2026-05-31,21:12:26,Room 201,Smoke Triggered,Pending
2026-05-31,21:12:32,Room 201,Smoke Triggered,Pending
2026-05-31,21:12:37,Room 201,Smoke Triggered,Pending
2026-05-31,21:12:43,Room 201,Smoke Triggered,Pending
2026-05-31,21:12:49,Room 201,Smoke Triggered,Pending
2026-05-31,21:12:57,Room 201,Smoke Triggered,Pending
2026-05-31,21:13:03,Room 201,Smoke Triggered,Pending
2026-05-31,21:13:10,Room 201,Smoke Triggered,Pending
2026-05-31,21:13:16,Room 201,Smoke Triggered,Pending
2026-05-31,21:13:22,Room 201,Smoke Triggered,Pending
2026-05-31,21:13:33,Room 201,Smoke Triggered,Pending
2026-05-31,21:13:39,Room 201,Smoke Triggered,Pending
2026-05-31,21:13:48,Room 201,Smoke Triggered,Pending
2026-05-31,21:13:53,Room 201,Smoke Triggered,Pending
2026-05-31,21:14:04,Room 201,Smoke Triggered,Pending
2026-05-31,21:14:10,Room 201,Smoke Triggered,Pending
2026-05-31,21:14:21,Room 201,Smoke Triggered,Pending
2026-05-31,21:14:26,Room 201,Smoke Triggered,Pending
2026-05-31,21:14:36,Room 201,Smoke Triggered,Pending
2026-05-31,21:14:45,Room 201,Smoke Triggered,Pending
2026-05-31,21:14:50,Room 201,Smoke Triggered,Pending
2026-05-31,21:14:56,Room 201,Smoke Triggered,Pending
2026-05-31,21:15:02,Room 201,Smoke Triggered,Pending
2026-05-31,21:15:07,Room 201,Smoke Triggered,Pending
2026-05-31,21:15:13,Room 201,Smoke Triggered,Pending
2026-05-31,21:15:21,Room 201,Smoke Triggered,Pending
2026-05-31,21:15:29,Room 201,Smoke Triggered,Pending
2026-05-31,21:15:38,Room 201,Smoke Triggered,Pending
2026-05-31,21:15:49,Room 201,Smoke Triggered,Pending
2026-05-31,21:15:58,Room 201,Smoke Triggered,Pending
2026-05-31,21:16:04,Room 201,Smoke Triggered,Pending
2026-05-31,21:16:12,Room 201,Smoke Triggered,Pending
2026-05-31,21:16:19,Room 201,Smoke Triggered,Pending
2026-05-31,21:16:26,Room 201,Smoke Triggered,Pending
2026-05-31,21:16:34,Room 201,Smoke Triggered,Pending
2026-05-31,21:16:39,Room 201,Smoke Triggered,Pending
2026-05-31,21:16:45,Room 201,Smoke Triggered,Pending
2026-05-31,21:16:51,Room 201,Smoke Triggered,Pending
2026-05-31,21:16:59,Room 201,Smoke Triggered,Pending
2026-05-31,21:17:04,Room 201,Smoke Triggered,Pending
2026-05-31,21:17:11,Room 201,Smoke Triggered,Pending
2026-05-31,21:17:16,Room 201,Smoke Triggered,Pending
2026-05-31,21:17:34,Room 201,Smoke Triggered,Pending
2026-05-31,21:17:41,Room 201,Smoke Triggered,Pending
2026-05-31,21:17:47,Room 201,Smoke Triggered,Pending
2026-05-31,21:17:52,Room 201,Smoke Triggered,Pending
2026-05-31,21:17:58,Room 201,Smoke Triggered,Pending
2026-05-31,21:18:05,Room 201,Smoke Triggered,Pending
2026-05-31,21:18:14,Room 201,Smoke Triggered,Pending
2026-05-31,21:18:19,Room 201,Smoke Triggered,Pending
2026-05-31,21:18:25,Room 201,Smoke Triggered,Pending
2026-05-31,21:18:30,Room 201,Smoke Triggered,Pending
2026-05-31,21:18:35,Room 201,Smoke Triggered,Pending
2026-05-31,21:18:42,Room 201,Smoke Triggered,Pending
2026-05-31,21:22:04,Room 201,Smoke Triggered,Pending
2026-05-31,21:22:11,Room 201,Smoke Triggered,Pending
2026-05-31,21:22:18,Room 201,Smoke Triggered,Pending
2026-05-31,21:22:24,Room 201,Smoke Triggered,Pending
2026-05-31,21:22:32,Room 201,Smoke Triggered,Pending
2026-05-31,21:22:44,Room 201,Smoke Triggered,Pending
2026-05-31,21:22:50,Room 201,Smoke Triggered,Pending
2026-05-31,21:22:56,Room 201,Smoke Triggered,Pending
2026-05-31,21:23:01,Room 201,Smoke Triggered,Pending
2026-05-31,21:23:08,Room 201,Smoke Triggered,Pending
2026-05-31,21:23:13,Room 201,Smoke Triggered,Pending
2026-05-31,21:23:21,Room 201,Smoke Triggered,Pending
2026-05-31,21:23:27,Room 201,Smoke Triggered,Pending
2026-05-31,21:23:34,Room 201,Smoke Triggered,Pending
2026-05-31,21:23:41,Room 201,Smoke Triggered,Pending
2026-05-31,21:23:48,Room 201,Smoke Triggered,Pending
2026-05-31,21:23:53,Room 201,Smoke Triggered,Pending
2026-05-31,21:23:58,Room 201,Smoke Triggered,Pending
2026-05-31,21:24:12,Room 201,Smoke Triggered,Pending
2026-05-31,21:24:24,Room 201,Smoke Triggered,Pending
2026-05-31,21:24:30,Room 201,Smoke Triggered,Pending
2026-05-31,21:24:36,Room 201,Smoke Triggered,Pending
2026-05-31,21:24:46,Room 201,Smoke Triggered,Pending
2026-05-31,21:24:51,Room 201,Smoke Triggered,Pending
2026-05-31,21:24:56,Room 201,Smoke Triggered,Pending
2026-05-31,21:25:03,Room 201,Smoke Triggered,Pending
2026-05-31,21:25:08,Room 201,Smoke Triggered,Pending
2026-05-31,21:25:28,Room 201,Smoke Triggered,Pending
2026-05-31,21:25:34,Room 201,Smoke Triggered,Pending
2026-05-31,21:25:41,Room 201,Smoke Triggered,Pending
2026-05-31,21:25:48,Room 201,Smoke Triggered,Pending
2026-05-31,21:25:57,Room 201,Smoke Triggered,Pending
2026-05-31,21:26:02,Room 201,Smoke Triggered,Pending
2026-05-31,21:26:07,Room 201,Smoke Triggered,Pending
2026-05-31,21:26:14,Room 201,Smoke Triggered,Pending
2026-05-31,21:26:22,Room 201,Smoke Triggered,Pending
2026-05-31,21:26:28,Room 201,Smoke Triggered,Pending
2026-05-31,21:26:37,Room 201,Smoke Triggered,Pending
2026-05-31,21:26:45,Room 201,Smoke Triggered,Pending
2026-05-31,21:26:56,Room 201,Smoke Triggered,Pending
2026-05-31,21:27:04,Room 201,Smoke Triggered,Pending
2026-05-31,21:27:10,Room 201,Smoke Triggered,Pending
2026-05-31,21:27:15,Room 201,Smoke Triggered,Pending
2026-05-31,21:27:23,Room 201,Smoke Triggered,Pending
2026-05-31,21:27:29,Room 201,Smoke Triggered,Pending
2026-05-31,21:27:41,Room 201,Smoke Triggered,Pending
2026-05-31,21:27:48,Room 201,Smoke Triggered,Pending
2026-05-31,21:27:53,Room 201,Smoke Triggered,Pending
2026-05-31,21:28:01,Room 201,Smoke Triggered,Pending
2026-05-31,21:28:07,Room 201,Smoke Triggered,Pending
2026-05-31,21:28:13,Room 201,Smoke Triggered,Pending
2026-05-31,21:28:19,Room 201,Smoke Triggered,Pending
2026-05-31,21:28:26,Room 201,Smoke Triggered,Pending
2026-05-31,21:28:32,Room 201,Smoke Triggered,Pending
2026-05-31,21:28:38,Room 201,Smoke Triggered,Pending
2026-05-31,22:03:35,Room 201,Smoke Triggered,Pending
2026-05-31,22:03:42,Room 201,Smoke Triggered,Pending
2026-05-31,22:03:48,Room 201,Smoke Triggered,Pending
2026-05-31,22:03:55,Room 201,Smoke Triggered,Pending
2026-05-31,22:04:01,Room 201,Smoke Triggered,Pending
2026-05-31,22:04:09,Room 201,Smoke Triggered,Pending
2026-05-31,22:10:09,Room 201,Smoke Triggered,Pending
2026-05-31,22:10:14,Room 201,Smoke Triggered,Pending
2026-05-31,22:10:35,Room 201,Smoke Triggered,Pending
2026-05-31,22:10:41,Room 201,Smoke Triggered,Pending
2026-05-31,22:10:57,Room 201,Smoke Triggered,Pending
2026-05-31,22:11:02,Room 201,Smoke Triggered,Pending
2026-05-31,22:11:10,Room 201,Smoke Triggered,Pending
2026-05-31,22:11:16,Room 201,Smoke Triggered,Pending
2026-05-31,22:11:24,Room 201,Smoke Triggered,Pending
2026-05-31,22:11:42,Room 201,Smoke Triggered,Pending
2026-05-31,22:11:48,Room 201,Smoke Triggered,Pending
2026-05-31,22:11:54,Room 201,Smoke Triggered,Pending
2026-05-31,22:12:00,Room 201,Smoke Triggered,Pending
2026-05-31,22:12:06,Room 201,Smoke Triggered,Pending
2026-05-31,22:12:12,Room 201,Smoke Triggered,Pending
2026-05-31,22:12:31,Room 201,Smoke Triggered,Pending
2026-05-31,22:12:39,Room 201,Smoke Triggered,Pending
2026-05-31,22:12:45,Room 201,Smoke Triggered,Pending
2026-05-31,22:12:56,Room 201,Smoke Triggered,Pending
2026-05-31,22:13:02,Room 201,Smoke Triggered,Pending
2026-05-31,22:13:07,Room 201,Smoke Triggered,Pending
2026-05-31,22:13:13,Room 201,Smoke Triggered,Pending
2026-05-31,22:13:20,Room 201,Smoke Triggered,Pending
2026-05-31,22:13:26,Room 201,Smoke Triggered,Pending
2026-05-31,22:13:32,Room 201,Smoke Triggered,Pending
2026-05-31,22:13:38,Room 201,Smoke Triggered,Pending
2026-05-31,22:13:44,Room 201,Smoke Triggered,Pending
2026-05-31,22:13:50,Room 201,Smoke Triggered,Pending
2026-05-31,22:13:57,Room 201,Smoke Triggered,Pending
2026-05-31,22:14:19,Room 201,Smoke Triggered,Pending
2026-05-31,22:14:24,Room 201,Smoke Triggered,Pending
2026-05-31,22:14:36,Room 201,Smoke Triggered,Pending
2026-05-31,22:14:42,Room 201,Smoke Triggered,Pending
2026-05-31,22:14:50,Room 201,Smoke Triggered,Pending
2026-05-31,22:14:59,Room 201,Smoke Triggered,Pending
2026-05-31,22:15:04,Room 201,Smoke Triggered,Pending
2026-05-31,22:15:13,Room 201,Smoke Triggered,Pending
2026-05-31,22:15:18,Room 201,Smoke Triggered,Pending
2026-05-31,22:15:28,Room 201,Smoke Triggered,Pending
2026-05-31,22:15:34,Room 201,Smoke Triggered,Pending
2026-05-31,22:15:40,Room 201,Smoke Triggered,Pending
2026-05-31,22:15:53,Room 201,Smoke Triggered,Pending
2026-05-31,22:16:04,Room 201,Smoke Triggered,Pending
2026-05-31,22:16:11,Room 201,Smoke Triggered,Pending
2026-05-31,22:16:19,Room 201,Smoke Triggered,Pending
2026-05-31,22:16:26,Room 201,Smoke Triggered,Pending
2026-05-31,22:16:32,Room 201,Smoke Triggered,Pending
2026-05-31,22:16:41,Room 201,Smoke Triggered,Pending
2026-05-31,22:16:49,Room 201,Smoke Triggered,Pending
2026-05-31,22:18:33,Room 201,Smoke Triggered,Pending
2026-05-31,22:18:39,Room 201,Smoke Triggered,Pending
2026-05-31,22:18:46,Room 201,Smoke Triggered,Pending
2026-05-31,22:18:52,Room 201,Smoke Triggered,Pending
2026-05-31,22:22:01,Room 201,Smoke Triggered,Pending
2026-05-31,22:22:09,Room 201,Smoke Triggered,Pending
2026-05-31,22:24:28,Room 201,Smoke Triggered,Pending
2026-05-31,22:24:35,Room 201,Smoke Triggered,Pending
2026-05-31,22:24:59,Room 201,Smoke Triggered,Pending
2026-05-31,22:25:04,Room 201,Smoke Triggered,Pending
2026-05-31,22:25:10,Room 201,Smoke Triggered,Pending
2026-05-31,22:25:17,Room 201,Smoke Triggered,Pending
2026-05-31,22:25:22,Room 201,Smoke Triggered,Pending
2026-05-31,22:25:28,Room 201,Smoke Triggered,Pending
2026-05-31,22:25:39,Room 201,Smoke Triggered,Pending
2026-05-31,22:25:47,Room 201,Smoke Triggered,Pending
2026-05-31,22:25:56,Room 201,Smoke Triggered,Pending
2026-06-01,19:49:50,Room 201,Smoke Triggered,Pending
2026-06-01,19:49:57,Room 201,Smoke Triggered,Pending
2026-07-04,14:04:24,Room 201,Smoke Triggered,Pending
2026-07-04,17:33:38,Room 201,Smoke Triggered,Pending
2026-07-04,17:33:44,Room 201,Smoke Triggered,Pending
2026-07-04,17:33:52,Room 201,Smoke Triggered,Pending
2026-07-04,17:34:01,Room 201,Smoke Triggered,Pending
2026-07-04,17:34:07,Room 201,Smoke Triggered,Pending
2026-07-04,17:34:13,Room 201,Smoke Triggered,Pending
2026-07-04,17:34:20,Room 201,Smoke Triggered,Pending
2026-07-04,17:34:42,Room 201,Smoke Triggered,Pending
2026-07-04,17:34:57,Room 201,Smoke Triggered,Pending
2026-07-04,17:35:05,Room 201,Smoke Triggered,Pending
2026-07-04,17:35:10,Room 201,Smoke Triggered,Pending
2026-07-04,17:35:18,Room 201,Smoke Triggered,Pending
2026-07-04,17:35:35,Room 201,Smoke Triggered,Pending
2026-07-04,17:35:42,Room 201,Smoke Triggered,Pending
2026-07-04,17:35:50,Room 201,Smoke Triggered,Pending
2026-07-04,17:36:08,Room 201,Smoke Triggered,Pending
2026-07-04,17:36:15,Room 201,Smoke Triggered,Pending
2026-07-04,17:36:20,Room 201,Smoke Triggered,Pending
2026-07-04,17:36:25,Room 201,Smoke Triggered,Pending
2026-07-04,17:36:31,Room 201,Smoke Triggered,Pending
2026-07-04,17:48:32,Room 201,Smoke Triggered,Pending
2026-07-04,17:48:40,Room 201,Smoke Triggered,Pending
2026-07-04,17:48:46,Room 201,Smoke Triggered,Pending
2026-07-04,17:48:52,Room 201,Smoke Triggered,Pending
2026-07-04,17:48:59,Room 201,Smoke Triggered,Pending
2026-07-04,17:49:07,Room 201,Smoke Triggered,Pending
2026-07-04,17:49:16,Room 201,Smoke Triggered,Pending
2026-07-04,17:49:22,Room 201,Smoke Triggered,Pending
2026-07-04,17:49:28,Room 201,Smoke Triggered,Pending
2026-07-05,10:01:14,Room 201,Smoke Triggered,Pending
2026-07-05,10:01:20,Room 201,Smoke Triggered,Pending
2026-07-05,10:01:26,Room 201,Smoke Triggered,Pending
2026-07-05,10:01:34,Room 201,Smoke Triggered,Pending
2026-07-05,10:01:41,Room 201,Smoke Triggered,Pending
2026-07-05,10:01:52,Room 201,Smoke Triggered,Pending
2026-07-05,10:01:58,Room 201,Smoke Triggered,Pending
2026-07-05,10:02:04,Room 201,Smoke Triggered,Pending
2026-07-05,10:02:12,Room 201,Smoke Triggered,Pending
2026-07-05,10:02:20,Room 201,Smoke Triggered,Pending
2026-07-05,10:02:26,Room 201,Smoke Triggered,Pending
2026-07-05,10:02:35,Room 201,Smoke Triggered,Pending
2026-07-05,10:02:40,Room 201,Smoke Triggered,Pending
2026-07-05,10:02:47,Room 201,Smoke Triggered,Pending
2026-07-05,10:02:53,Room 201,Smoke Triggered,Pending
2026-07-05,10:03:35,Room 201,Smoke Triggered,Pending
2026-07-05,10:03:41,Room 201,Smoke Triggered,Pending
2026-07-05,10:03:46,Room 201,Smoke Triggered,Pending
2026-07-05,10:03:52,Room 201,Smoke Triggered,Pending
2026-07-05,10:03:58,Room 201,Smoke Triggered,Pending
2026-07-05,10:04:04,Room 201,Smoke Triggered,Pending
2026-07-05,10:04:12,Room 201,Smoke Triggered,Pending
2026-07-05,10:04:19,Room 201,Smoke Triggered,Pending
2026-07-05,10:04:26,Room 201,Smoke Triggered,Pending
2026-07-05,10:04:31,Room 201,Smoke Triggered,Pending
2026-07-05,10:04:37,Room 201,Smoke Triggered,Pending
2026-07-05,10:05:15,Room 201,Smoke Triggered,Pending
2026-07-05,10:05:24,Room 201,Smoke Triggered,Pending
2026-07-05,10:05:29,Room 201,Smoke Triggered,Pending
2026-07-05,10:05:34,Room 201,Smoke Triggered,Pending
2026-07-05,10:05:49,Room 201,Smoke Triggered,Pending
2026-07-05,10:05:55,Room 201,Smoke Triggered,Pending
2026-07-05,10:06:02,Room 201,Smoke Triggered,Pending
2026-07-05,10:06:09,Room 201,Smoke Triggered,Pending
2026-07-05,10:06:14,Room 201,Smoke Triggered,Pending
2026-07-05,10:06:22,Room 201,Smoke Triggered,Pending
2026-07-05,10:06:37,Room 201,Smoke Triggered,Pending
2026-07-05,10:06:46,Room 201,Smoke Triggered,Pending
2026-07-05,10:06:52,Room 201,Smoke Triggered,Pending
2026-07-05,10:06:58,Room 201,Smoke Triggered,Pending
2026-07-05,10:07:03,Room 201,Smoke Triggered,Pending
2026-07-05,10:19:41,Room 201,Smoke Triggered,Pending
2026-07-05,10:19:46,Room 201,Smoke Triggered,Pending
2026-07-05,10:19:52,Room 201,Smoke Triggered,Pending
2026-07-05,10:20:01,Room 201,Smoke Triggered,Pending
2026-07-05,10:20:08,Room 201,Smoke Triggered,Pending
2026-07-05,10:20:38,Room 201,Smoke Triggered,Pending
2026-07-05,10:20:44,Room 201,Smoke Triggered,Pending
2026-07-05,10:20:53,Room 201,Smoke Triggered,Pending
2026-07-05,10:20:58,Room 201,Smoke Triggered,Pending
2026-07-05,10:21:03,Room 201,Smoke Triggered,Pending
2026-07-05,10:21:09,Room 201,Smoke Triggered,Pending
2026-07-05,10:21:15,Room 201,Smoke Triggered,Pending
2026-07-05,10:21:20,Room 201,Smoke Triggered,Pending
2026-07-05,10:21:29,Room 201,Smoke Triggered,Pending
2026-07-05,10:21:35,Room 201,Smoke Triggered,Pending
2026-07-05,10:21:41,Room 201,Smoke Triggered,Pending
2026-07-05,10:21:47,Room 201,Smoke Triggered,Pending
2026-07-05,10:21:54,Room 201,Smoke Triggered,Pending
2026-07-05,10:22:00,Room 201,Smoke Triggered,Pending
2026-07-05,10:22:05,Room 201,Smoke Triggered,Pending
2026-07-05,10:22:12,Room 201,Smoke Triggered,Pending
2026-07-05,10:22:18,Room 201,Smoke Triggered,Pending
2026-07-05,10:22:25,Room 201,Smoke Triggered,Pending
2026-07-05,10:22:31,Room 201,Smoke Triggered,Pending
2026-07-05,10:22:37,Room 201,Smoke Triggered,Pending
2026-07-05,10:22:42,Room 201,Smoke Triggered,Pending
2026-07-05,10:22:48,Room 201,Smoke Triggered,Pending
2026-07-05,10:22:53,Room 201,Smoke Triggered,Pending
2026-07-05,10:23:08,Room 201,Smoke Triggered,Pending
2026-07-05,10:23:13,Room 201,Smoke Triggered,Pending
2026-07-05,10:23:18,Room 201,Smoke Triggered,Pending
2026-07-05,10:23:25,Room 201,Smoke Triggered,Pending
2026-07-05,10:25:16,Room 201,Smoke Triggered,Pending
2026-07-05,10:25:21,Room 201,Smoke Triggered,Pending
2026-07-05,10:25:27,Room 201,Smoke Triggered,Pending
2026-07-05,10:25:32,Room 201,Smoke Triggered,Pending
2026-07-05,10:25:40,Room 201,Smoke Triggered,Pending
2026-07-05,10:25:46,Room 201,Smoke Triggered,Pending
2026-07-05,10:25:54,Room 201,Smoke Triggered,Pending
2026-07-05,10:26:03,Room 201,Smoke Triggered,Pending
2026-07-05,10:26:10,Room 201,Smoke Triggered,Pending
2026-07-05,10:26:16,Room 201,Smoke Triggered,Pending
2026-07-05,10:26:28,Room 201,Smoke Triggered,Pending
2026-07-05,10:26:33,Room 201,Smoke Triggered,Pending
2026-07-05,10:26:40,Room 201,Smoke Triggered,Pending
2026-07-05,10:26:45,Room 201,Smoke Triggered,Pending
2026-07-05,10:27:00,Room 201,Smoke Triggered,Pending
2026-07-05,10:27:06,Room 201,Smoke Triggered,Pending
2026-07-05,10:27:11,Room 201,Smoke Triggered,Pending
2026-07-05,10:27:25,Room 201,Smoke Triggered,Pending
2026-07-05,10:27:32,Room 201,Smoke Triggered,Pending
2026-07-05,10:27:42,Room 201,Smoke Triggered,Pending
2026-07-05,10:27:47,Room 201,Smoke Triggered,Pending
2026-07-05,10:28:03,Room 201,Smoke Triggered,Pending
2026-07-05,10:28:14,Room 201,Smoke Triggered,Pending
2026-07-05,10:28:20,Room 201,Smoke Triggered,Pending
2026-07-05,10:28:26,Room 201,Smoke Triggered,Pending
2026-07-05,10:28:32,Room 201,Smoke Triggered,Pending
2026-07-05,10:28:37,Room 201,Smoke Triggered,Pending
2026-07-05,10:28:52,Room 201,Smoke Triggered,Pending
2026-07-05,10:28:57,Room 201,Smoke Triggered,Pending
2026-07-05,10:29:02,Room 201,Smoke Triggered,Pending
2026-07-05,10:29:12,Room 201,Smoke Triggered,Pending
2026-07-05,10:29:17,Room 201,Smoke Triggered,Pending
2026-07-05,10:29:23,Room 201,Smoke Triggered,Pending
2026-07-05,10:29:29,Room 201,Smoke Triggered,Pending
2026-07-05,10:29:39,Room 201,Smoke Triggered,Pending
2026-07-05,10:29:45,Room 201,Smoke Triggered,Pending
2026-07-05,10:29:50,Room 201,Smoke Triggered,Pending
2026-07-05,10:29:55,Room 201,Smoke Triggered,Pending
2026-07-05,10:30:01,Room 201,Smoke Triggered,Pending
2026-07-05,10:30:08,Room 201,Smoke Triggered,Pending
2026-07-05,10:30:13,Room 201,Smoke Triggered,Pending
2026-07-05,10:30:20,Room 201,Smoke Triggered,Pending
2026-07-05,10:30:26,Room 201,Smoke Triggered,Pending
2026-07-05,10:30:32,Room 201,Smoke Triggered,Pending
2026-07-05,10:30:39,Room 201,Smoke Triggered,Pending
2026-07-05,10:30:46,Room 201,Smoke Triggered,Pending
2026-07-05,10:30:52,Room 201,Smoke Triggered,Pending
2026-07-05,10:30:57,Room 201,Smoke Triggered,Pending
2026-07-05,10:31:04,Room 201,Smoke Triggered,Pending
2026-07-05,10:31:10,Room 201,Smoke Triggered,Pending
2026-07-05,10:31:17,Room 201,Smoke Triggered,Pending
2026-07-05,10:31:23,Room 201,Smoke Triggered,Pending
2026-07-05,10:31:29,Room 201,Smoke Triggered,Pending
2026-07-05,10:31:35,Room 201,Smoke Triggered,Pending
2026-07-05,10:31:41,Room 201,Smoke Triggered,Pending
2026-07-05,10:31:47,Room 201,Smoke Triggered,Pending
2026-07-05,10:31:53,Room 201,Smoke Triggered,Pending
2026-07-05,10:31:59,Room 201,Smoke Triggered,Pending
2026-07-05,10:32:05,Room 201,Smoke Triggered,Pending
2026-07-05,10:32:13,Room 201,Smoke Triggered,Pending
2026-07-05,10:32:19,Room 201,Smoke Triggered,Pending
2026-07-05,10:32:26,Room 201,Smoke Triggered,Pending
2026-07-05,10:32:32,Room 201,Smoke Triggered,Pending
2026-07-05,10:32:38,Room 201,Smoke Triggered,Pending
2026-07-05,10:33:22,Room 201,Smoke Triggered,Pending
2026-07-05,10:33:37,Room 201,Smoke Triggered,Pending
2026-07-05,10:33:44,Room 201,Smoke Triggered,Pending
2026-07-05,10:33:49,Room 201,Smoke Triggered,Pending
2026-07-05,10:33:55,Room 201,Smoke Triggered,Pending
2026-07-05,10:34:01,Room 201,Smoke Triggered,Pending
2026-07-05,10:34:06,Room 201,Smoke Triggered,Pending
2026-07-05,10:34:12,Room 201,Smoke Triggered,Pending
2026-07-05,10:34:24,Room 201,Smoke Triggered,Pending
2026-07-05,10:34:29,Room 201,Smoke Triggered,Pending
2026-07-05,10:34:35,Room 201,Smoke Triggered,Pending
2026-07-05,10:34:43,Room 201,Smoke Triggered,Pending
2026-07-05,10:34:48,Room 201,Smoke Triggered,Pending
2026-07-05,10:34:54,Room 201,Smoke Triggered,Pending
2026-07-05,10:35:07,Room 201,Smoke Triggered,Pending
2026-07-05,10:35:13,Room 201,Smoke Triggered,Pending
2026-07-05,10:35:22,Room 201,Smoke Triggered,Pending
2026-07-05,10:35:35,Room 201,Smoke Triggered,Pending
2026-07-05,10:35:41,Room 201,Smoke Triggered,Pending
2026-07-05,10:35:51,Room 201,Smoke Triggered,Pending
2026-07-05,10:35:58,Room 201,Smoke Triggered,Pending
2026-07-05,10:36:05,Room 201,Smoke Triggered,Pending
2026-07-05,10:36:12,Room 201,Smoke Triggered,Pending
2026-07-05,10:36:22,Room 201,Smoke Triggered,Pending
2026-07-05,10:36:28,Room 201,Smoke Triggered,Pending
2026-07-05,10:36:34,Room 201,Smoke Triggered,Pending
2026-07-05,10:36:40,Room 201,Smoke Triggered,Pending
2026-07-05,10:36:46,Room 201,Smoke Triggered,Pending
2026-07-05,10:36:53,Room 201,Smoke Triggered,Pending
2026-07-05,10:36:59,Room 201,Smoke Triggered,Pending
2026-07-05,10:37:06,Room 201,Smoke Triggered,Pending
2026-07-05,10:37:15,Room 201,Smoke Triggered,Pending
2026-07-05,10:37:21,Room 201,Smoke Triggered,Pending
2026-07-05,10:37:38,Room 201,Smoke Triggered,Pending
2026-07-05,10:37:44,Room 201,Smoke Triggered,Pending
2026-07-05,10:37:49,Room 201,Smoke Triggered,Pending
2026-07-05,10:37:57,Room 201,Smoke Triggered,Pending
2026-07-05,10:38:05,Room 201,Smoke Triggered,Pending
2026-07-05,10:38:11,Room 201,Smoke Triggered,Pending
2026-07-05,10:38:17,Room 201,Smoke Triggered,Pending
2026-07-05,10:38:24,Room 201,Smoke Triggered,Pending
2026-07-05,10:38:30,Room 201,Smoke Triggered,Pending
2026-07-05,10:38:36,Room 201,Smoke Triggered,Pending
2026-07-05,10:38:42,Room 201,Smoke Triggered,Pending
2026-07-05,10:38:54,Room 201,Smoke Triggered,Pending
2026-07-05,10:39:02,Room 201,Smoke Triggered,Pending
2026-07-05,10:39:08,Room 201,Smoke Triggered,Pending
2026-07-05,10:39:14,Room 201,Smoke Triggered,Pending
2026-07-05,10:39:21,Room 201,Smoke Triggered,Pending
2026-07-05,10:39:31,Room 201,Smoke Triggered,Pending
2026-07-05,10:39:36,Room 201,Smoke Triggered,Pending
2026-07-05,10:39:44,Room 201,Smoke Triggered,Pending
2026-07-05,10:39:49,Room 201,Smoke Triggered,Pending
2026-07-05,10:39:55,Room 201,Smoke Triggered,Pending
2026-07-05,10:40:00,Room 201,Smoke Triggered,Pending
2026-07-05,10:40:07,Room 201,Smoke Triggered,Pending
2026-07-05,10:40:13,Room 201,Smoke Triggered,Pending
2026-07-05,10:40:26,Room 201,Smoke Triggered,Pending
2026-07-05,10:40:32,Room 201,Smoke Triggered,Pending
2026-07-05,10:40:38,Room 201,Smoke Triggered,Pending
2026-07-05,10:40:44,Room 201,Smoke Triggered,Pending
2026-07-05,10:40:49,Room 201,Smoke Triggered,Pending
2026-07-05,10:40:55,Room 201,Smoke Triggered,Pending
2026-07-05,10:41:01,Room 201,Smoke Triggered,Pending
2026-07-05,10:41:06,Room 201,Smoke Triggered,Pending
2026-07-05,10:41:12,Room 201,Smoke Triggered,Pending
2026-07-05,10:41:20,Room 201,Smoke Triggered,Pending
2026-07-05,10:41:26,Room 201,Smoke Triggered,Pending
2026-07-05,10:41:47,Room 201,Smoke Triggered,Pending
2026-07-05,10:41:53,Room 201,Smoke Triggered,Pending
2026-07-05,10:42:03,Room 201,Smoke Triggered,Pending
2026-07-05,10:42:09,Room 201,Smoke Triggered,Pending
2026-07-05,10:42:19,Room 201,Smoke Triggered,Pending
2026-07-05,10:42:26,Room 201,Smoke Triggered,Pending
2026-07-05,10:42:33,Room 201,Smoke Triggered,Pending
2026-07-05,10:42:40,Room 201,Smoke Triggered,Pending
2026-07-05,10:42:46,Room 201,Smoke Triggered,Pending
2026-07-05,10:42:53,Room 201,Smoke Triggered,Pending
2026-07-05,10:42:59,Room 201,Smoke Triggered,Pending
2026-07-05,10:43:07,Room 201,Smoke Triggered,Pending
2026-07-05,10:43:19,Room 201,Smoke Triggered,Pending
2026-07-05,10:43:27,Room 201,Smoke Triggered,Pending
2026-07-05,10:43:35,Room 201,Smoke Triggered,Pending
2026-07-05,10:43:40,Room 201,Smoke Triggered,Pending
2026-07-05,10:43:49,Room 201,Smoke Triggered,Pending
2026-07-05,10:43:54,Room 201,Smoke Triggered,Pending
2026-07-05,10:44:01,Room 201,Smoke Triggered,Pending
2026-07-05,10:44:08,Room 201,Smoke Triggered,Pending
2026-07-05,10:44:17,Room 201,Smoke Triggered,Pending
2026-07-05,10:44:25,Room 201,Smoke Triggered,Pending
2026-07-05,10:44:30,Room 201,Smoke Triggered,Pending
2026-07-05,10:44:36,Room 201,Smoke Triggered,Pending
2026-07-05,10:44:45,Room 201,Smoke Triggered,Pending
2026-07-05,10:44:51,Room 201,Smoke Triggered,Pending
2026-07-05,10:44:57,Room 201,Smoke Triggered,Pending
2026-07-05,10:45:06,Room 201,Smoke Triggered,Pending
2026-07-05,10:45:11,Room 201,Smoke Triggered,Pending
2026-07-05,10:45:18,Room 201,Smoke Triggered,Pending
2026-07-05,10:45:26,Room 201,Smoke Triggered,Pending
2026-07-05,10:45:34,Room 201,Smoke Triggered,Pending
2026-07-05,10:45:44,Room 201,Smoke Triggered,Pending
2026-07-05,10:45:50,Room 201,Smoke Triggered,Pending
2026-07-05,10:45:56,Room 201,Smoke Triggered,Pending
2026-07-05,10:46:05,Room 201,Smoke Triggered,Pending
2026-07-05,10:46:16,Room 201,Smoke Triggered,Pending
2026-07-05,10:46:25,Room 201,Smoke Triggered,Pending
2026-07-05,10:46:30,Room 201,Smoke Triggered,Pending
2026-07-05,10:46:43,Room 201,Smoke Triggered,Pending
2026-07-05,10:46:49,Room 201,Smoke Triggered,Pending
2026-07-05,10:46:56,Room 201,Smoke Triggered,Pending
2026-07-05,10:47:02,Room 201,Smoke Triggered,Pending
2026-07-05,10:47:07,Room 201,Smoke Triggered,Pending
2026-07-05,10:47:16,Room 201,Smoke Triggered,Pending
2026-07-05,10:47:22,Room 201,Smoke Triggered,Pending
2026-07-05,10:47:29,Room 201,Smoke Triggered,Pending
2026-07-05,10:47:45,Room 201,Smoke Triggered,Pending
2026-07-05,10:47:56,Room 201,Smoke Triggered,Pending
2026-07-05,10:48:04,Room 201,Smoke Triggered,Pending
2026-07-05,10:48:11,Room 201,Smoke Triggered,Pending
2026-07-05,10:48:21,Room 201,Smoke Triggered,Pending
2026-07-05,10:48:31,Room 201,Smoke Triggered,Pending
2026-07-05,10:48:36,Room 201,Smoke Triggered,Pending
2026-07-05,10:48:42,Room 201,Smoke Triggered,Pending
2026-07-05,10:48:48,Room 201,Smoke Triggered,Pending
2026-07-05,10:48:53,Room 201,Smoke Triggered,Pending
2026-07-05,10:48:59,Room 201,Smoke Triggered,Pending
2026-07-05,10:49:04,Room 201,Smoke Triggered,Pending
2026-07-05,10:49:10,Room 201,Smoke Triggered,Pending
2026-07-05,10:49:17,Room 201,Smoke Triggered,Pending
2026-07-05,10:49:22,Room 201,Smoke Triggered,Pending
2026-07-05,10:49:30,Room 201,Smoke Triggered,Pending
2026-07-05,10:49:36,Room 201,Smoke Triggered,Pending
2026-07-05,10:49:42,Room 201,Smoke Triggered,Pending
2026-07-05,10:49:52,Room 201,Smoke Triggered,Pending
2026-07-05,10:50:08,Room 201,Smoke Triggered,Pending
2026-07-05,10:50:15,Room 201,Smoke Triggered,Pending
2026-07-05,10:50:23,Room 201,Smoke Triggered,Pending
2026-07-05,10:50:28,Room 201,Smoke Triggered,Pending
2026-07-05,10:50:36,Room 201,Smoke Triggered,Pending
2026-07-05,10:50:44,Room 201,Smoke Triggered,Pending
2026-07-05,10:50:49,Room 201,Smoke Triggered,Pending
2026-07-05,10:51:02,Room 201,Smoke Triggered,Pending
2026-07-05,10:51:10,Room 201,Smoke Triggered,Pending
2026-07-05,10:51:19,Room 201,Smoke Triggered,Pending
2026-07-05,10:51:25,Room 201,Smoke Triggered,Pending
2026-07-05,10:51:31,Room 201,Smoke Triggered,Pending
2026-07-05,10:51:38,Room 201,Smoke Triggered,Pending
2026-07-05,10:51:44,Room 201,Smoke Triggered,Pending
2026-07-05,10:51:49,Room 201,Smoke Triggered,Pending
2026-07-05,10:51:57,Room 201,Smoke Triggered,Pending
2026-07-05,10:52:04,Room 201,Smoke Triggered,Pending
2026-07-05,10:52:10,Room 201,Smoke Triggered,Pending
2026-07-05,10:52:17,Room 201,Smoke Triggered,Pending
2026-07-05,10:52:30,Room 201,Smoke Triggered,Pending
2026-07-05,10:52:36,Room 201,Smoke Triggered,Pending
2026-07-05,10:52:41,Room 201,Smoke Triggered,Pending
2026-07-05,10:52:47,Room 201,Smoke Triggered,Pending
2026-07-05,10:52:53,Room 201,Smoke Triggered,Pending
2026-07-05,10:53:03,Room 201,Smoke Triggered,Pending
2026-07-05,10:53:09,Room 201,Smoke Triggered,Pending
2026-07-05,10:53:15,Room 201,Smoke Triggered,Pending
2026-07-05,10:53:21,Room 201,Smoke Triggered,Pending
2026-07-05,10:53:26,Room 201,Smoke Triggered,Pending
2026-07-05,10:53:32,Room 201,Smoke Triggered,Pending
2026-07-05,10:53:38,Room 201,Smoke Triggered,Pending
2026-07-05,10:53:44,Room 201,Smoke Triggered,Pending
2026-07-05,10:53:52,Room 201,Smoke Triggered,Pending
2026-07-05,10:53:58,Room 201,Smoke Triggered,Pending
2026-07-05,10:54:08,Room 201,Smoke Triggered,Pending
2026-07-05,10:54:17,Room 201,Smoke Triggered,Pending
2026-07-05,10:54:22,Room 201,Smoke Triggered,Pending
2026-07-05,10:54:29,Room 201,Smoke Triggered,Pending
2026-07-05,10:54:35,Room 201,Smoke Triggered,Pending
2026-07-05,10:54:49,Room 201,Smoke Triggered,Pending
2026-07-05,10:54:56,Room 201,Smoke Triggered,Pending
2026-07-05,10:55:04,Room 201,Smoke Triggered,Pending
2026-07-05,10:55:12,Room 201,Smoke Triggered,Pending
2026-07-05,10:55:17,Room 201,Smoke Triggered,Pending
2026-07-05,10:55:24,Room 201,Smoke Triggered,Pending
2026-07-05,10:55:30,Room 201,Smoke Triggered,Pending
2026-07-05,10:55:36,Room 201,Smoke Triggered,Pending
2026-07-05,10:55:42,Room 201,Smoke Triggered,Pending
2026-07-05,10:55:48,Room 201,Smoke Triggered,Pending
2026-07-05,10:55:53,Room 201,Smoke Triggered,Pending
2026-07-05,10:55:59,Room 201,Smoke Triggered,Pending
2026-07-05,10:56:06,Room 201,Smoke Triggered,Pending
2026-07-05,10:56:12,Room 201,Smoke Triggered,Pending
2026-07-05,10:56:18,Room 201,Smoke Triggered,Pending
2026-07-05,10:56:23,Room 201,Smoke Triggered,Pending
2026-07-05,10:57:12,Room 201,Smoke Triggered,Pending
2026-07-05,10:57:19,Room 201,Smoke Triggered,Pending
2026-07-05,10:57:26,Room 201,Smoke Triggered,Pending
2026-07-05,10:57:34,Room 201,Smoke Triggered,Pending
2026-07-05,10:57:39,Room 201,Smoke Triggered,Pending
2026-07-05,10:57:45,Room 201,Smoke Triggered,Pending
2026-07-05,10:57:57,Room 201,Smoke Triggered,Pending
2026-07-05,10:58:03,Room 201,Smoke Triggered,Pending
2026-07-05,10:58:13,Room 201,Smoke Triggered,Pending
2026-07-05,10:58:19,Room 201,Smoke Triggered,Pending
2026-07-05,10:58:26,Room 201,Smoke Triggered,Pending
2026-07-05,10:58:43,Room 201,Smoke Triggered,Pending
2026-07-05,10:58:49,Room 201,Smoke Triggered,Pending
2026-07-05,10:58:54,Room 201,Smoke Triggered,Pending
2026-07-05,10:59:01,Room 201,Smoke Triggered,Pending
2026-07-05,10:59:07,Room 201,Smoke Triggered,Pending
2026-07-05,10:59:13,Room 201,Smoke Triggered,Pending
2026-07-05,10:59:19,Room 201,Smoke Triggered,Pending
2026-07-05,10:59:24,Room 201,Smoke Triggered,Pending
2026-07-05,10:59:37,Room 201,Smoke Triggered,Pending
2026-07-05,10:59:43,Room 201,Smoke Triggered,Pending
2026-07-05,10:59:49,Room 201,Smoke Triggered,Pending
2026-07-05,11:00:02,Room 201,Smoke Triggered,Pending
2026-07-05,11:00:08,Room 201,Smoke Triggered,Pending
2026-07-05,11:00:17,Room 201,Smoke Triggered,Pending
2026-07-05,11:00:28,Room 201,Smoke Triggered,Pending
2026-07-05,11:00:37,Room 201,Smoke Triggered,Pending
2026-07-05,11:00:44,Room 201,Smoke Triggered,Pending
2026-07-05,11:00:53,Room 201,Smoke Triggered,Pending
2026-07-05,11:00:58,Room 201,Smoke Triggered,Pending
2026-07-05,11:01:05,Room 201,Smoke Triggered,Pending
2026-07-05,11:01:12,Room 201,Smoke Triggered,Pending
2026-07-05,11:01:18,Room 201,Smoke Triggered,Pending
2026-07-05,11:01:24,Room 201,Smoke Triggered,Pending
2026-07-05,11:01:30,Room 201,Smoke Triggered,Pending
2026-07-05,11:01:36,Room 201,Smoke Triggered,Pending
2026-07-05,11:01:42,Room 201,Smoke Triggered,Pending
2026-07-05,11:01:53,Room 201,Smoke Triggered,Pending
2026-07-05,11:01:59,Room 201,Smoke Triggered,Pending
2026-07-05,11:02:10,Room 201,Smoke Triggered,Pending
2026-07-05,11:02:16,Room 201,Smoke Triggered,Pending
2026-07-05,11:02:22,Room 201,Smoke Triggered,Pending
2026-07-05,11:02:30,Room 201,Smoke Triggered,Pending
2026-07-05,11:02:37,Room 201,Smoke Triggered,Pending
2026-07-05,11:02:45,Room 201,Smoke Triggered,Pending
2026-07-05,11:02:51,Room 201,Smoke Triggered,Pending
2026-07-05,11:02:56,Room 201,Smoke Triggered,Pending
2026-07-05,11:03:21,Room 201,Smoke Triggered,Pending
2026-07-05,11:03:27,Room 201,Smoke Triggered,Pending
2026-07-05,19:00:12,Room 201,Smoke Triggered,Pending
2026-07-05,19:00:25,Room 201,Smoke Triggered,Pending
2026-07-05,19:00:30,Room 201,Smoke Triggered,Pending
2026-07-05,19:00:36,Room 201,Smoke Triggered,Pending
2026-07-05,19:00:43,Room 201,Smoke Triggered,Pending
2026-07-05,19:00:48,Room 201,Smoke Triggered,Pending
2026-07-05,19:00:53,Room 201,Smoke Triggered,Pending
2026-07-05,19:01:01,Room 201,Smoke Triggered,Pending
2026-07-05,19:01:06,Room 201,Smoke Triggered,Pending
2026-07-05,19:01:14,Room 201,Smoke Triggered,Pending
2026-07-05,19:01:21,Room 201,Smoke Triggered,Pending
2026-07-05,19:01:26,Room 201,Smoke Triggered,Pending
2026-07-05,19:01:33,Room 201,Smoke Triggered,Pending
2026-07-05,19:01:39,Room 201,Smoke Triggered,Pending
2026-07-05,19:01:47,Room 201,Smoke Triggered,Pending
2026-07-05,19:01:53,Room 201,Smoke Triggered,Pending
2026-07-05,19:02:05,Room 201,Smoke Triggered,Pending
2026-07-05,19:02:12,Room 201,Smoke Triggered,Pending
2026-07-05,19:02:23,Room 201,Smoke Triggered,Pending
2026-07-05,19:02:29,Room 201,Smoke Triggered,Pending
2026-07-05,19:02:35,Room 201,Smoke Triggered,Pending
2026-07-05,19:02:43,Room 201,Smoke Triggered,Pending
2026-07-05,19:02:49,Room 201,Smoke Triggered,Pending
2026-07-05,19:02:56,Room 201,Smoke Triggered,Pending
2026-07-05,19:03:02,Room 201,Smoke Triggered,Pending
2026-07-05,19:03:09,Room 201,Smoke Triggered,Pending
2026-07-05,19:03:19,Room 201,Smoke Triggered,Pending
2026-07-05,19:03:25,Room 201,Smoke Triggered,Pending
2026-07-05,19:03:33,Room 201,Smoke Triggered,Pending
2026-07-05,19:03:39,Room 201,Smoke Triggered,Pending
2026-07-05,19:03:45,Room 201,Smoke Triggered,Pending
2026-07-05,19:03:52,Room 201,Smoke Triggered,Pending
2026-07-05,19:03:58,Room 201,Smoke Triggered,Pending
2026-07-05,19:04:04,Room 201,Smoke Triggered,Pending
2026-07-05,19:04:10,Room 201,Smoke Triggered,Pending
2026-07-05,19:04:15,Room 201,Smoke Triggered,Pending
2026-07-05,19:04:21,Room 201,Smoke Triggered,Pending
2026-07-05,19:04:28,Room 201,Smoke Triggered,Pending
2026-07-05,19:04:34,Room 201,Smoke Triggered,Pending
2026-07-05,19:04:40,Room 201,Smoke Triggered,Pending
2026-07-05,19:04:49,Room 201,Smoke Triggered,Pending
2026-07-05,19:04:57,Room 201,Smoke Triggered,Pending
2026-07-05,19:05:08,Room 201,Smoke Triggered,Pending
2026-07-05,19:05:14,Room 201,Smoke Triggered,Pending
2026-07-05,19:05:20,Room 201,Smoke Triggered,Pending
2026-07-05,19:05:27,Room 201,Smoke Triggered,Pending
2026-07-05,19:05:33,Room 201,Smoke Triggered,Pending
2026-07-05,19:05:39,Room 201,Smoke Triggered,Pending
2026-07-05,19:05:49,Room 201,Smoke Triggered,Pending
2026-07-05,19:05:56,Room 201,Smoke Triggered,Pending
2026-07-05,19:06:08,Room 201,Smoke Triggered,Pending
2026-07-05,19:06:14,Room 201,Smoke Triggered,Pending
2026-07-05,19:06:23,Room 201,Smoke Triggered,Pending
2026-07-05,19:06:29,Room 201,Smoke Triggered,Pending
2026-07-05,19:06:35,Room 201,Smoke Triggered,Pending
2026-07-05,19:06:44,Room 201,Smoke Triggered,Pending
2026-07-05,19:06:50,Room 201,Smoke Triggered,Pending
2026-07-05,19:06:57,Room 201,Smoke Triggered,Pending
2026-07-05,19:07:03,Room 201,Smoke Triggered,Pending
2026-07-05,19:10:02,Room 201,Smoke Triggered,Pending
2026-07-05,19:10:08,Room 201,Smoke Triggered,Pending
2026-07-05,19:10:20,Room 201,Smoke Triggered,Pending
2026-07-05,19:10:30,Room 201,Smoke Triggered,Pending
2026-07-05,19:10:36,Room 201,Smoke Triggered,Pending
2026-07-05,19:10:43,Room 201,Smoke Triggered,Pending
2026-07-05,19:10:51,Room 201,Smoke Triggered,Pending
2026-07-05,19:10:57,Room 201,Smoke Triggered,Pending
2026-07-05,19:11:02,Room 201,Smoke Triggered,Pending
2026-07-05,19:11:09,Room 201,Smoke Triggered,Pending
2026-07-05,19:11:23,Room 201,Smoke Triggered,Pending
2026-07-05,19:11:28,Room 201,Smoke Triggered,Pending
2026-07-05,19:11:34,Room 201,Smoke Triggered,Pending
2026-07-05,19:11:40,Room 201,Smoke Triggered,Pending
2026-07-05,19:11:45,Room 201,Smoke Triggered,Pending
2026-07-05,19:11:53,Room 201,Smoke Triggered,Pending
2026-07-05,19:11:59,Room 201,Smoke Triggered,Pending
2026-07-05,19:12:05,Room 201,Smoke Triggered,Pending
2026-07-05,19:12:20,Room 201,Smoke Triggered,Pending
2026-07-05,19:12:37,Room 201,Smoke Triggered,Pending
2026-07-05,19:12:45,Room 201,Smoke Triggered,Pending
2026-07-05,19:12:51,Room 201,Smoke Triggered,Pending
2026-07-05,19:12:56,Room 201,Smoke Triggered,Pending
2026-07-05,19:13:01,Room 201,Smoke Triggered,Pending
2026-07-05,19:13:08,Room 201,Smoke Triggered,Pending
2026-07-05,19:13:15,Room 201,Smoke Triggered,Pending
2026-07-05,19:13:20,Room 201,Smoke Triggered,Pending
2026-07-05,19:13:27,Room 201,Smoke Triggered,Pending
2026-07-05,19:13:39,Room 201,Smoke Triggered,Pending
2026-07-05,19:13:46,Room 201,Smoke Triggered,Pending
2026-07-05,19:13:52,Room 201,Smoke Triggered,Pending
2026-07-05,19:14:04,Room 201,Smoke Triggered,Pending
2026-07-05,19:14:12,Room 201,Smoke Triggered,Pending
2026-07-05,19:14:17,Room 201,Smoke Triggered,Pending
2026-07-05,19:14:24,Room 201,Smoke Triggered,Pending
2026-07-05,19:14:30,Room 201,Smoke Triggered,Pending
2026-07-05,19:14:36,Room 201,Smoke Triggered,Pending
2026-07-05,19:14:43,Room 201,Smoke Triggered,Pending
2026-07-05,19:14:49,Room 201,Smoke Triggered,Pending
2026-07-05,19:14:56,Room 201,Smoke Triggered,Pending
2026-07-05,19:15:11,Room 201,Smoke Triggered,Pending
2026-07-05,19:15:23,Room 201,Smoke Triggered,Pending
2026-07-05,19:15:31,Room 201,Smoke Triggered,Pending
2026-07-05,19:15:38,Room 201,Smoke Triggered,Pending
2026-07-05,19:15:51,Room 201,Smoke Triggered,Pending
2026-07-05,19:15:57,Room 201,Smoke Triggered,Pending
2026-07-05,19:16:02,Room 201,Smoke Triggered,Pending
2026-07-05,19:16:09,Room 201,Smoke Triggered,Pending
2026-07-05,19:16:16,Room 201,Smoke Triggered,Pending
2026-07-05,19:16:26,Room 201,Smoke Triggered,Pending
2026-07-05,19:16:32,Room 201,Smoke Triggered,Pending
2026-07-05,19:16:39,Room 201,Smoke Triggered,Pending
2026-07-05,19:16:47,Room 201,Smoke Triggered,Pending
2026-07-05,19:17:00,Room 201,Smoke Triggered,Pending
2026-07-05,19:17:11,Room 201,Smoke Triggered,Pending
2026-07-05,19:17:20,Room 201,Smoke Triggered,Pending
2026-07-05,19:17:26,Room 201,Smoke Triggered,Pending
2026-07-05,19:17:33,Room 201,Smoke Triggered,Pending
2026-07-05,19:17:38,Room 201,Smoke Triggered,Pending
2026-07-05,19:17:44,Room 201,Smoke Triggered,Pending
2026-07-05,19:17:50,Room 201,Smoke Triggered,Pending
2026-07-05,19:18:02,Room 201,Smoke Triggered,Pending
2026-07-05,19:18:09,Room 201,Smoke Triggered,Pending
2026-07-05,19:18:15,Room 201,Smoke Triggered,Pending
2026-07-05,19:18:21,Room 201,Smoke Triggered,Pending
2026-07-05,19:18:30,Room 201,Smoke Triggered,Pending
2026-07-05,19:18:37,Room 201,Smoke Triggered,Pending
2026-07-05,19:18:43,Room 201,Smoke Triggered,Pending
2026-07-05,19:19:55,Room 201,Smoke Triggered,Pending
2026-07-05,19:20:01,Room 201,Smoke Triggered,Pending
2026-07-05,19:20:06,Room 201,Smoke Triggered,Pending
2026-07-05,19:20:12,Room 201,Smoke Triggered,Pending
2026-07-05,19:20:19,Room 201,Smoke Triggered,Pending
2026-07-05,19:20:24,Room 201,Smoke Triggered,Pending
2026-07-05,19:20:29,Room 201,Smoke Triggered,Pending
2026-07-05,19:20:57,Room 201,Smoke Triggered,Pending
2026-07-05,19:21:03,Room 201,Smoke Triggered,Pending
2026-07-05,19:21:11,Room 201,Smoke Triggered,Pending
2026-07-05,19:21:17,Room 201,Smoke Triggered,Pending
2026-07-05,19:22:08,Room 201,Smoke Triggered,Pending
2026-07-05,19:22:22,Room 201,Smoke Triggered,Pending
2026-07-06,06:25:13,Room 201,Smoke Triggered,Pending
2026-07-06,06:25:21,Room 201,Smoke Triggered,Pending
2026-07-06,06:25:27,Room 201,Smoke Triggered,Pending
2026-07-06,06:25:34,Room 201,Smoke Triggered,Pending
2026-07-06,06:25:39,Room 201,Smoke Triggered,Pending
2026-07-06,06:25:45,Room 201,Smoke Triggered,Pending
2026-07-06,06:26:02,Room 201,Smoke Triggered,Pending
2026-07-06,06:26:16,Room 201,Smoke Triggered,Pending
2026-07-06,06:26:22,Room 201,Smoke Triggered,Pending
2026-07-06,06:26:30,Room 201,Smoke Triggered,Pending
2026-07-06,06:26:36,Room 201,Smoke Triggered,Pending
2026-07-06,06:26:46,Room 201,Smoke Triggered,Pending
2026-07-06,06:26:55,Room 201,Smoke Triggered,Pending
2026-07-06,06:27:04,Room 201,Smoke Triggered,Pending
2026-07-06,06:27:10,Room 201,Smoke Triggered,Pending
2026-07-06,06:27:20,Room 201,Smoke Triggered,Pending
2026-07-06,06:27:28,Room 201,Smoke Triggered,Pending
2026-07-06,06:27:34,Room 201,Smoke Triggered,Pending
2026-07-06,06:27:47,Room 201,Smoke Triggered,Pending
2026-07-06,06:28:11,Room 201,Smoke Triggered,Pending
2026-07-06,06:28:20,Room 201,Smoke Triggered,Pending
2026-07-06,06:28:25,Room 201,Smoke Triggered,Pending
2026-07-06,06:28:33,Room 201,Smoke Triggered,Pending
2026-07-06,06:28:40,Room 201,Smoke Triggered,Pending
2026-07-06,06:28:45,Room 201,Smoke Triggered,Pending
2026-07-06,06:28:51,Room 201,Smoke Triggered,Pending
2026-07-06,06:28:58,Room 201,Smoke Triggered,Pending
2026-07-06,06:29:05,Room 201,Smoke Triggered,Pending
2026-07-06,06:29:11,Room 201,Smoke Triggered,Pending
2026-07-06,06:29:20,Room 201,Smoke Triggered,Pending
2026-07-06,06:29:25,Room 201,Smoke Triggered,Pending
2026-07-06,06:29:33,Room 201,Smoke Triggered,Pending
2026-07-06,06:29:38,Room 201,Smoke Triggered,Pending
2026-07-06,06:29:43,Room 201,Smoke Triggered,Pending
2026-07-06,06:29:49,Room 201,Smoke Triggered,Pending
2026-07-06,06:29:56,Room 201,Smoke Triggered,Pending
2026-07-06,06:30:04,Room 201,Smoke Triggered,Pending
2026-07-06,06:30:15,Room 201,Smoke Triggered,Pending
2026-07-06,06:30:27,Room 201,Smoke Triggered,Pending
2026-07-06,06:30:32,Room 201,Smoke Triggered,Pending
2026-07-06,06:30:38,Room 201,Smoke Triggered,Pending
2026-07-06,06:30:44,Room 201,Smoke Triggered,Pending
2026-07-06,06:30:49,Room 201,Smoke Triggered,Pending
2026-07-06,06:30:56,Room 201,Smoke Triggered,Pending
2026-07-06,06:31:01,Room 201,Smoke Triggered,Pending
2026-07-06,06:31:07,Room 201,Smoke Triggered,Pending
2026-07-06,06:31:12,Room 201,Smoke Triggered,Pending
2026-07-06,06:31:18,Room 201,Smoke Triggered,Pending
2026-07-06,06:31:23,Room 201,Smoke Triggered,Pending
2026-07-06,06:31:31,Room 201,Smoke Triggered,Pending
2026-07-06,06:31:47,Room 201,Smoke Triggered,Pending
2026-07-06,06:31:57,Room 201,Smoke Triggered,Pending
2026-07-06,06:32:04,Room 201,Smoke Triggered,Pending
2026-07-06,06:32:17,Room 201,Smoke Triggered,Pending
2026-07-06,06:32:31,Room 201,Smoke Triggered,Pending
2026-07-06,06:32:36,Room 201,Smoke Triggered,Pending
2026-07-06,06:32:45,Room 201,Smoke Triggered,Pending
2026-07-06,06:32:53,Room 201,Smoke Triggered,Pending
2026-07-06,06:32:58,Room 201,Smoke Triggered,Pending
2026-07-06,06:33:07,Room 201,Smoke Triggered,Pending
2026-07-06,06:33:13,Room 201,Smoke Triggered,Pending
2026-07-06,06:33:22,Room 201,Smoke Triggered,Pending
2026-07-06,06:33:35,Room 201,Smoke Triggered,Pending
2026-07-06,06:33:40,Room 201,Smoke Triggered,Pending
2026-07-06,06:33:46,Room 201,Smoke Triggered,Pending
2026-07-06,06:33:52,Room 201,Smoke Triggered,Pending
2026-07-06,06:34:06,Room 201,Smoke Triggered,Pending
2026-07-06,06:34:14,Room 201,Smoke Triggered,Pending
2026-07-06,06:34:19,Room 201,Smoke Triggered,Pending
2026-07-06,06:34:25,Room 201,Smoke Triggered,Pending
2026-07-06,06:34:31,Room 201,Smoke Triggered,Pending
2026-07-06,06:34:36,Room 201,Smoke Triggered,Pending
2026-07-06,06:34:44,Room 201,Smoke Triggered,Pending
2026-07-06,06:34:50,Room 201,Smoke Triggered,Pending
2026-07-06,06:34:55,Room 201,Smoke Triggered,Pending
2026-07-06,06:35:01,Room 201,Smoke Triggered,Pending
2026-07-06,06:35:07,Room 201,Smoke Triggered,Pending
2026-07-06,06:35:14,Room 201,Smoke Triggered,Pending
2026-07-06,06:35:22,Room 201,Smoke Triggered,Pending
2026-07-06,06:35:28,Room 201,Smoke Triggered,Pending
2026-07-06,06:35:33,Room 201,Smoke Triggered,Pending
2026-07-06,06:35:40,Room 201,Smoke Triggered,Pending
2026-07-06,06:35:45,Room 201,Smoke Triggered,Pending
2026-07-06,06:35:51,Room 201,Smoke Triggered,Pending
2026-07-06,06:35:58,Room 201,Smoke Triggered,Pending
2026-07-06,06:36:03,Room 201,Smoke Triggered,Pending
2026-07-06,06:36:10,Room 201,Smoke Triggered,Pending
2026-07-06,06:36:16,Room 201,Smoke Triggered,Pending
2026-07-06,06:36:21,Room 201,Smoke Triggered,Pending
2026-07-06,06:36:28,Room 201,Smoke Triggered,Pending
2026-07-06,06:36:35,Room 201,Smoke Triggered,Pending
